dataset,seed,k,r_mean_k,r_std_k,r_slope_k,r_max_k,dev_k,val_delta_k,final_fixed_r10,final_cf_r10,final_delta,collapse_label
amazon_books,42,3,0.7920017424366806,0.08256242401518174,0.09543769743898207,0.8681480195336267,0.20799825756331936,-0.008,0.01822079314040729,0.024569214279825214,-0.2583892617344497,1
amazon_books,42,5,0.8368642443946415,0.0843335742319012,0.053019604677902836,0.907009884547942,0.1631357556053585,-0.008,0.01822079314040729,0.024569214279825214,-0.2583892617344497,1
amazon_books,42,10,0.8604005753891032,0.06533576417321026,0.012033373553184883,0.9079496641632268,0.1395994246108969,-0.008,0.01822079314040729,0.024569214279825214,-0.2583892617344497,1
amazon_books,123,3,0.8063992377462069,0.07376905894491695,0.08762250407147992,0.8813055072247022,0.193600762253793,-0.020000000000000004,0.01698408772363756,0.024569214279825214,-0.3087248322021997,1
amazon_books,123,5,0.8480503715098655,0.07660019508998765,0.0488403168642552,0.9113017294275066,0.15194962849013444,-0.020000000000000004,0.01698408772363756,0.024569214279825214,-0.3087248322021997,1
amazon_books,123,10,0.8662092930704087,0.058526449571627746,0.00988129410018884,0.9113017294275066,0.13379070692959125,-0.006000000000000002,0.01698408772363756,0.024569214279825214,-0.3087248322021997,1
amazon_books,999,3,0.7927514134693562,0.07745619280354435,0.09108700275651688,0.8685375378821953,0.2072485865306439,-0.014999999999999996,0.01698408772363756,0.023497402918624784,-0.2771929824443437,1
amazon_books,999,5,0.8353314929506886,0.07949545095326299,0.05023228608789288,0.8999998714285898,0.1646685070493114,-0.014999999999999996,0.01698408772363756,0.023497402918624784,-0.2771929824443437,1
amazon_books,999,10,0.8559449390236784,0.06111633225584844,0.010872676639568878,0.8999998714285898,0.14405506097632156,-0.012,0.01698408772363756,0.023497402918624784,-0.2771929824443437,1
amazon_books,2024,3,0.7922957702394507,0.08567963051400715,0.09984935398882373,0.8735117747750337,0.20770422976054917,-0.015,0.017891005029268697,0.024321873196471267,-0.26440677965014575,1
amazon_books,2024,5,0.8384121565287324,0.08714862454576039,0.05448615300905267,0.9082968110193872,0.1615878434712676,-0.015,0.017891005029268697,0.024321873196471267,-0.26440677965014575,1
amazon_books,2024,10,0.8603160617919203,0.06662061712914497,0.011715246656517641,0.9082968110193872,0.1396839382080796,-0.0020000000000000018,0.017891005029268697,0.024321873196471267,-0.26440677965014575,1
amazon_books,2025,3,0.8023985071834274,0.08139105050217393,0.09363980401929482,0.876303893248302,0.19760149281657258,-0.004,0.01698408772363756,0.024404320224255916,-0.30405405404159513,1
amazon_books,2025,5,0.8438743510446975,0.0810305065985297,0.05035620495890197,0.9113017294275066,0.1561256489553024,-0.004,0.01698408772363756,0.024404320224255916,-0.30405405404159513,1
amazon_books,2025,10,0.8631788171316319,0.061958502854844145,0.010341179888825769,0.9113017294275066,0.1368211828683681,-0.009000000000000001,0.01698408772363756,0.024404320224255916,-0.30405405404159513,1
amazon_cds,42,3,0.7393792353268583,0.07854273533243036,0.0909553472633392,0.812255435168783,0.26062076467314177,0.0010000000000000009,0.02090815802975885,0.03258081067213956,-0.35826771652443684,1
amazon_cds,42,5,0.7703700178970563,0.07172655768359666,0.041175341457626524,0.8194443409792499,0.22962998210294386,0.0010000000000000009,0.02090815802975885,0.03258081067213956,-0.35826771652443684,1
amazon_cds,42,10,0.7721597591662588,0.05211278223658789,0.004107077911315487,0.8194443409792499,0.22784024083374108,0.0010000000000000009,0.02090815802975885,0.03258081067213956,-0.35826771652443684,1
amazon_cds,123,3,0.7414520007397267,0.08144410538650292,0.094352650944405,0.8171205165861847,0.2585479992602732,0.009000000000000001,0.023088763468445357,0.032003591585428426,-0.278557114219753,1
amazon_cds,123,5,0.7726797554075515,0.07380066517322739,0.041979344334972836,0.8226414059570559,0.22732024459244843,0.009000000000000001,0.023088763468445357,0.032003591585428426,-0.278557114219753,1
amazon_cds,123,10,0.7745789068748605,0.053488220105213424,0.004264453190135432,0.8226414059570559,0.22542109312513947,0.004,0.023088763468445357,0.032003591585428426,-0.278557114219753,1
amazon_cds,999,3,0.7426045307764647,0.0789492156591173,0.09076971069224611,0.8141360190921442,0.25739546922353523,0.006999999999999999,0.026359671626475116,0.03226013340174448,-0.18290258448737204,1
amazon_cds,999,5,0.772519229174718,0.07134214227210625,0.040154641297591935,0.8217445231675699,0.2274807708252819,0.006999999999999999,0.026359671626475116,0.03226013340174448,-0.18290258448737204,1
amazon_cds,999,10,0.7744687404768958,0.05184658505889503,0.004030108116526258,0.8217445231675699,0.22553125952310418,-0.005999999999999998,0.026359671626475116,0.03226013340174448,-0.18290258448737204,1
amazon_cds,2024,3,0.7446021271120266,0.07993806239865987,0.09335041360422108,0.820914925370598,0.2553978728879735,-0.004,0.022832221652129298,0.029630579784504875,-0.22943722942948616,1
amazon_cds,2024,5,0.7757579023090164,0.07278399342018356,0.04160592937494582,0.8268014125409087,0.22424209769098358,-0.004,0.022832221652129298,0.029630579784504875,-0.22943722942948616,1
amazon_cds,2024,10,0.7767887923878424,0.05273080817195109,0.004000953540155724,0.8268014125409087,0.22321120761215768,0.006999999999999999,0.022832221652129298,0.029630579784504875,-0.22943722942948616,1
amazon_cds,2025,3,0.7424949471621204,0.07815338465618527,0.0906661071852384,0.8154449194443824,0.25750505283787956,0.0020000000000000018,0.024948691636736787,0.03226013340174448,-0.22664015903870022,1
amazon_cds,2025,5,0.7735773059047922,0.07161791860178256,0.040828836953756394,0.8263623794217516,0.22642269409520765,0.0020000000000000018,0.024948691636736787,0.03226013340174448,-0.22664015903870022,1
amazon_cds,2025,10,0.7767398178048873,0.052280794072408036,0.004383260127175617,0.8263623794217516,0.22326018219511262,0.002999999999999999,0.024948691636736787,0.03226013340174448,-0.22664015903870022,1
amazonff,42,3,1.1099542122017225,0.39041867581243517,0.1406400472131897,1.5243897791494574,0.3854279026051495,0.48519999999999996,0.62648355754858,0.5255107125062282,0.1921423153499711,0
amazonff,42,5,1.3869889466417533,0.45482849336129516,0.09778860061799945,1.82949224447362,0.5522731608838095,0.07970000000000002,0.62648355754858,0.5255107125062282,0.1921423153499711,0
amazonff,42,10,1.7682665804305333,0.5064836476328745,0.05264203047067826,2.3064497528631027,0.8509086875515613,0.0872,0.62648355754858,0.5255107125062282,0.1921423153499711,0
amazonff,123,3,1.1528996838911008,0.42034295365002655,0.1535846487692583,1.6335398653602902,0.4131382126253887,0.4587,0.6259482196926144,0.5249750871948181,0.19233890323662697,0
amazonff,123,5,1.3946180097074548,0.4406903280957661,0.09237796998801721,1.7943916848636985,0.5507611269480279,0.03860000000000002,0.6259482196926144,0.5249750871948181,0.19233890323662697,0
amazonff,123,10,1.7495425199538202,0.48050726069122274,0.050466568939272836,2.2698394683813743,0.8276140785741063,0.07540000000000002,0.6259482196926144,0.5249750871948181,0.19233890323662697,0
amazonff,999,3,1.1105222301069508,0.3816782867476717,0.13562336261918775,1.4939389412306237,0.38400010314959165,0.4577,0.6273968993139396,0.5218609865470852,0.20222993380849347,0
amazonff,999,5,1.4139435229098585,0.47555829193580396,0.10091066277163446,1.9094480671464304,0.5780302467354431,0.06970000000000004,0.6273968993139396,0.5218609865470852,0.20222993380849347,0
amazonff,999,10,1.7795348331463052,0.5030663578596167,0.05181529252783899,2.4173209312433617,0.8615781950590978,0.062,0.6273968993139396,0.5218609865470852,0.20222993380849347,0
amazonff,2024,3,1.095121415327122,0.4084251148316403,0.15005176539760345,1.5914629294320335,0.36770953080622637,0.45359999999999995,0.6261983059292476,0.5287269556552067,0.18435101375353297,0
amazonff,2024,5,1.3704367480762059,0.46446313494626723,0.10076400133561761,1.853079690483559,0.5339896173636688,0.05729999999999996,0.6261983059292476,0.5287269556552067,0.18435101375353297,0
amazonff,2024,10,1.7239657193365585,0.4948188497523431,0.052309133462106215,2.29770816968842,0.8057421539802897,0.0806,0.6261983059292476,0.5287269556552067,0.18435101375353297,0
amazonff,2025,3,1.1496936275954377,0.41648583350779783,0.15059522005064727,1.5993878900954464,0.41941378997912804,0.4527,0.6298779272546089,0.5298245426720762,0.18884248751056773,0
amazonff,2025,5,1.43380652378111,0.47504518243751875,0.1019112648977672,1.895733698704408,0.5956386212113242,0.044800000000000006,0.6298779272546089,0.5298245426720762,0.18884248751056773,0
amazonff,2025,10,1.7986136773975878,0.5052035965570583,0.0529906655943797,2.322832816667073,0.8795297261126948,0.09079999999999999,0.6298779272546089,0.5298245426720762,0.18884248751056773,0
mind,42,3,0.5905252035386369,0.17659541057628542,0.06348106367102585,0.7762904825448408,0.4094747964613632,0.5028999999999999,0.05970118952993438,0.06572101273488656,-0.09159662875470408,0
mind,42,5,0.7135480265481376,0.20453280904606067,0.04430214860017205,0.9304930649118688,0.28645197345186235,0.004299999999999998,0.05970118952993438,0.06572101273488656,-0.09159662875470408,0
mind,42,10,0.8347188725052673,0.18878155010658618,0.01750605300471775,0.9675923686128776,0.1652811274947328,-0.007300000000000008,0.05970118952993438,0.06572101273488656,-0.09159662875470408,0
mind,123,3,0.5932276863126191,0.17938872878364032,0.06440561496828416,0.7809522321995749,0.40677231368738087,0.5098999999999999,0.057485889314417386,0.06436649014689336,-0.1068972506760362,1
mind,123,5,0.7133757946416126,0.20315879816163834,0.04366311682001376,0.9215244570572966,0.28662420535838745,0.008099999999999996,0.057485889314417386,0.06436649014689336,-0.1068972506760362,1
mind,123,10,0.833212320047143,0.18716050561100486,0.017335026550672348,0.963636144628149,0.1667876799528571,-0.005699999999999997,0.057485889314417386,0.06436649014689336,-0.1068972506760362,1
mind,999,3,0.5959295601044775,0.17570941224077974,0.06340898808150594,0.7839386646388786,0.4040704398955224,0.5051,0.053352611812399364,0.06788699293576814,-0.21409669945031304,1
mind,999,5,0.7163322736346536,0.20148455880005417,0.04353165920942449,0.925507691758986,0.28366772636534626,-0.0006999999999999992,0.053352611812399364,0.06788699293576814,-0.21409669945031304,1
mind,999,10,0.8339569913246002,0.18486229963966289,0.017010822925510878,0.9635533112634824,0.1660430086753996,-0.007299999999999994,0.053352611812399364,0.06788699293576814,-0.21409669945031304,1
mind,2024,3,0.6005674111865533,0.17883854809652064,0.06414452464646633,0.786948025537807,0.3994325888134467,0.5334,0.0582008574800684,0.06514568902927888,-0.10660462192644252,1
mind,2024,5,0.7185357852970462,0.20117912247153338,0.043210994628078356,0.9274374314200836,0.2814642147029537,-0.0022000000000000006,0.0582008574800684,0.06514568902927888,-0.10660462192644252,1
mind,2024,10,0.8349355598484001,0.18393795486269268,0.016838930256133332,0.9677417125019095,0.1650644401515999,-0.008499999999999994,0.0582008574800684,0.06514568902927888,-0.10660462192644252,1
mind,2025,3,0.5944626491503243,0.17946756734987823,0.0648499985493057,0.7876446355898388,0.4055373508496756,0.5258999999999999,0.05272229055558776,0.06570630275377728,-0.19760679955844113,1
mind,2025,5,0.7188050220861297,0.20690761950483677,0.04474333162336869,0.932432222425175,0.28119497791387044,0.003599999999999999,0.05272229055558776,0.06570630275377728,-0.19760679955844113,1
mind,2025,10,0.8383934068332743,0.18908639431601917,0.01736306471325405,0.9701832637194348,0.1616065931667255,-0.0034000000000000002,0.05272229055558776,0.06570630275377728,-0.19760679955844113,1
ml1m,42,3,0.8179721743014259,0.023763448253879754,0.007855162558662214,0.8368199086150818,0.18202782569857423,0.3839,0.05156518456849877,0.05273364546413173,-0.022157787221548406,0
ml1m,42,5,0.8252213690811633,0.020478669772470554,0.003363999831192931,0.8381740999638796,0.17477863091883675,0.007599999999999996,0.05156518456849877,0.05273364546413173,-0.022157787221548406,0
ml1m,42,10,0.8262391173267752,0.014679087023853536,0.0004460359687839486,0.8381740999638796,0.17376088267322462,-0.001700000000000007,0.05156518456849877,0.05273364546413173,-0.022157787221548406,0
ml1m,123,3,0.8168014629434255,0.030073265444900642,0.010217905196167448,0.8427671189167465,0.1831985370565744,0.3839,0.05051710389869641,0.05223425055071282,-0.03287395978461304,0
ml1m,123,5,0.8268629227847522,0.026387255352734933,0.004546953023772728,0.844074668591545,0.1731370772152478,0.008599999999999997,0.05051710389869641,0.05223425055071282,-0.03287395978461304,0
ml1m,123,10,0.831346377598303,0.019299442395220183,0.0010526723088556,0.844074668591545,0.16865362240169698,-0.0050000000000000044,0.05051710389869641,0.05223425055071282,-0.03287395978461304,0
ml1m,999,3,0.8096480282335601,0.023913456309667507,0.00802615268696953,0.8295216570641045,0.1903519717664398,0.3708,0.05052542396388236,0.052742965621509375,-0.04204431115038819,0
ml1m,999,5,0.8157778534000636,0.019987381551892055,0.0032050242799415048,0.8295216570641045,0.1842221465999367,-0.0025000000000000022,0.05052542396388236,0.052742965621509375,-0.04204431115038819,0
ml1m,999,10,0.8180921358749057,0.01440076098467376,0.0005949591576595977,0.8295216570641045,0.18190786412509424,0.0016000000000000042,0.05052542396388236,0.052742965621509375,-0.04204431115038819,0
ml1m,2024,3,0.8185119799600497,0.02762300810694085,0.009353083833410523,0.8421050858726135,0.18148802003995027,0.3921,0.051624473319606276,0.053870197427919764,-0.041687690327785756,0
ml1m,2024,5,0.8268700675986952,0.023854925187890084,0.0038900290200064008,0.843423623502375,0.1731299324013048,0.0016000000000000042,0.051624473319606276,0.053870197427919764,-0.041687690327785756,0
ml1m,2024,10,0.828006908553295,0.01707115964943222,0.0005239999478710665,0.843423623502375,0.17199309144670485,-0.0007999999999999952,0.051624473319606276,0.053870197427919764,-0.041687690327785756,0
ml1m,2025,3,0.8262488880602434,0.031447132883024975,0.010773254174020532,0.854122440988913,0.17375111193975662,0.3543,0.052136106321784934,0.050940116082501284,0.02347835716202877,0
ml1m,2025,5,0.8343412605193985,0.026307490443897366,0.004223420973324806,0.854122440988913,0.16565873948060156,0.008499999999999994,0.052136106321784934,0.050940116082501284,0.02347835716202877,0
ml1m,2025,10,0.8342977130177208,0.01875583108041591,0.00043421908168938715,0.854122440988913,0.1657022869822789,0.005199999999999996,0.052136106321784934,0.050940116082501284,0.02347835716202877,0
yelp,42,3,0.5793582673627955,0.03685639746731915,-0.007939698189968605,0.6283185046373572,0.42064173263720456,-0.0203,0.008577688265728713,0.017825791550011315,-0.5188046352846489,1
yelp,42,5,0.560616269259837,0.03663971122036866,-0.004390953155895279,0.6283185046373572,0.43938373074016307,-0.0203,0.008577688265728713,0.017825791550011315,-0.5188046352846489,1
yelp,42,10,0.5549389066860294,0.02760629067082284,-0.0007057439802644374,0.6283185046373572,0.44506109331397053,-0.013700000000000002,0.008577688265728713,0.017825791550011315,-0.5188046352846489,1
yelp,123,3,0.5793031048706538,0.03620061070721187,-0.007799655145438238,0.6273763463401336,0.4206968951293461,-0.0225,0.0073951837114770965,0.017761259035792065,-0.583634037589445,1
yelp,123,5,0.5603602552731648,0.03639430382699297,-0.00440943501920469,0.6273763463401336,0.43963974472683526,-0.0225,0.0073951837114770965,0.017761259035792065,-0.583634037589445,1
yelp,123,10,0.5549531423953618,0.027145809357934304,-0.0007133996181169275,0.6273763463401336,0.4450468576046383,-0.020999999999999998,0.0073951837114770965,0.017761259035792065,-0.583634037589445,1
yelp,999,3,0.5764887827637125,0.03695189164317936,-0.013343794615682303,0.6257900599506878,0.4235112172362874,0.7427,0.008041924733603085,0.0174621268423519,-0.5394647624115291,1
yelp,999,5,0.5582995339803156,0.03627280982999885,-0.007222838842831262,0.6257900599506878,0.44170046601968427,-0.0147,0.008041924733603085,0.0174621268423519,-0.5394647624115291,1
yelp,999,10,0.5580590651973487,0.027256938303105868,-0.0005564176649124967,0.6257900599506878,0.44194093480265123,-0.0156,0.008041924733603085,0.0174621268423519,-0.5394647624115291,1
yelp,2024,3,0.5800579294737941,0.03814577245155606,-0.013718156628154038,0.6313130516018874,0.4199420705262059,0.7445,0.00845434754452541,0.018043714106156437,-0.531451923073184,1
yelp,2024,5,0.5620440272505254,0.036892337061824064,-0.0072257961668553885,0.6313130516018874,0.4379559727494747,-0.0149,0.00845434754452541,0.018043714106156437,-0.531451923073184,1
yelp,2024,10,0.5675482591464741,0.030350400630414425,0.0002308024871305406,0.6313130516018874,0.4324517408535259,-0.0124,0.00845434754452541,0.018043714106156437,-0.531451923073184,1
yelp,2025,3,0.5797987587645971,0.03727639973372408,-0.01351602102420442,0.6291138444159691,0.4202012412354029,0.7292,0.008410406564130168,0.018200118712049518,-0.5378927633532472,1
yelp,2025,5,0.560801113107536,0.03708285499472108,-0.007464232905786033,0.6291138444159691,0.4391988868924639,-0.0189,0.008410406564130168,0.018200118712049518,-0.5378927633532472,1
yelp,2025,10,0.5552604028690682,0.02736221616880739,-0.0012619015784375788,0.6291138444159691,0.44473959713093175,-0.019799999999999998,0.008410406564130168,0.018200118712049518,-0.5378927633532472,1
